alphabet,name
A,Adaptable
A,Adventurous
A,Alert
A,Amiable
A,Amusing
A,Artistic
A,Assertive
A,Attentive
A,Audacious
A,Astute
A,Authentic
A,Affectionate
A,Appreciative
A,Ambitious
A,Agreeable
A,Amicable
A,Astounding
A,Accomplished
A,Adept
A,Assured
B,Brave
B,Bold
B,Bright
B,Brilliant
B,Blissful
B,Balanced
B,Benevolent
B,Beaming
B,Believable
B,Beneficial
B,Breezy
B,Buoyant
B,Brainy
B,Boundless
B,Bountiful
B,Building
B,Bubbly
B,Businesslike
B,Blithesome
B,Boisterous
C,Creative
C,Confident
C,Compassionate
C,Considerate
C,Charismatic
C,Capable
C,Courteous
C,Conscientious
C,Classy
C,Cheerful
C,Calm
C,Charming
C,Champion
C,Candid
C,Cooperative
C,Clever
C,Committed
C,Caring
C,Compelling
C,Capacious
D,Dynamic
D,Diligent
D,Decisive
D,Dedicated
D,Delightful
D,Daring
D,Dependable
D,Distinct
D,Driven
D,Discerning
D,Distinguished
D,Devoted
D,Discreet
D,Decorous
D,Dreamy
D,Detailed
D,Deserving
D,Deliberate
D,Definitive
D,Developed
E,Efficient
E,Energetic
E,Enthusiastic
E,Empathetic
E,Exuberant
E,Excellent
E,Educated
E,Eloquent
E,Enterprising
E,Endearing
E,Enlightened
E,Earnest
E,Effective
E,Exemplary
E,Easygoing
E,Encouraging
E,Experienced
E,Engaging
E,Estimable
E,Enchanting
F,Fearless
F,Friendly
F,Forthright
F,Fabulous
F,Faithful
F,Fervent
F,Formidable
F,Fair
F,Frugal
F,Flexible
F,Fruitful
F,Fascinating
F,Flourishing
F,Focused
F,Fortunate
F,Free
F,Fine
F,Forgiving
F,Fleet
F,Fulfilled
G,Generous
G,Genial
G,Gallant
G,Gifted
G,Genuine
G,Gracious
G,Great
G,Gregarious
G,Groundbreaking
G,Glowing
G,Guided
G,Gainful
G,Glamorous
G,Giddy
G,Grateful
G,Gutsy
G,Grand
G,Guileless
G,Good-natured
G,Growing
H,Happy
H,Helpful
H,Honorable
H,Hopeful
H,Humble
H,Hardworking
H,Hearty
H,Heavenly
H,Hilarious
H,Handsome
H,Harmonious
H,High-spirited
H,Heroic
H,Honest
H,Healing
H,Hyper
H,Hygienic
H,Honored
H,Heartfelt
H,Hospitable
I,Innovative
I,Inspiring
I,Intelligent
I,Imaginative
I,Industrious
I,Incredible
I,Inventive
I,Insightful
I,Intuitive
I,Inclusive
I,Impartial
I,Impeccable
I,Invigorating
I,Independent
I,Infallible
I,Influential
I,Idealistic
I,Immaculate
I,Incisive
I,Indefatigable
J,Joyful
J,Judicious
J,Just
J,Jovial
J,Jubilant
J,Jaunty
J,Jaw-dropping
J,Jesting
J,Jocular
J,Jubilant
J,Journeyed
J,Jazzy
J,Jeweled
J,Joint
J,Justifiable
J,Jitter-free
J,Jolly
J,Judgeless
J,Jubilee
J,Jeopardy-free
K,Kind
K,Knowledgeable
K,Keen
K,Kind-hearted
K,Knightly
K,Kaleidoscopic
K,Key
K,Kindly
K,Kingly
K,Keen-eyed
K,Kempt
K,Kindred
K,Knowing
K,Kinetic
K,Knack
K,Kosher
K,Kudos
K,Kid-friendly
K,Kindred-spirit
K,Knight-in-shining-armor
L,Logical
L,Loving
L,Loyal
L,Lucid
L,Luminous
L,Leader
L,Learned
L,Legendary
L,Liberal
L,Light-hearted
L,Likeable
L,Lionhearted
L,Lively
L,Luxurious
L,Laureate
L,Laudable
L,Level-headed
L,Long-term
L,Lavish
L,Legit
M,Magical
M,Magnanimous
M,Motivated
M,Marvelous
M,Masterful
M,Mature
M,Meaningful
M,Methodical
M,Mighty
M,Mindful
M,Modest
M,Mirthful
M,Monumental
M,Motivating
M,Modern
M,Merciful
M,Majestic
M,Managing
M,Matchless
M,Maverick
N,Noble
N,Nurturing
N,Notable
N,Neat
N,Noteworthy
N,Nimble
N,Neighborly
N,Nonchalant
N,Normal
N,Nifty
N,Novel
N,Nurtured
N,Neoteric
N,New
N,Nascent
N,Needed
N,Nifty
N,Nonpareil
N,Nuanced
N,Nonviolent
O,Optimistic
O,Outstanding
O,Original
O,Open-hearted
O,Organized
O,Opulent
O,Orderly
O,Omnipotent
O,Opalescent
O,Obtainable
O,Official
O,Obliging
O,Open-minded
O,Operative
O,Outgoing
O,Oriented
O,Original
O,Outperforming
O,Observant
O,Omniscient
P,Proactive
P,Professional
P,Positive
P,Persistent
P,Passionate
P,Peaceful
P,Playful
P,Precise
P,Principled
P,Perceptive
P,Philanthropic
P,Plucky
P,Polished
P,Pragmatic
P,Profound
P,Productive
P,Prudent
P,Powerful
P,Personable
P,Pioneering
Q,Quick-witted
Q,Qualified
Q,Quaint
Q,Quirky
Q,Quintessential
Q,Questioning
Q,Quick
Q,Quiescent
Q,Quintessential
Q,Quick-thinking
Q,Quintessential
Q,Quip
Q,Quintessential
Q,Quiver
Q,Quixotic
Q,Quintessential
Q,Quizzical
Q,Quintessential
Q,Querist
Q,Quintessential
R,Respectful
R,Resilient
R,Resourceful
R,Refined
R,Remarkable
R,Reliable
R,Radiant
R,Rational
R,Rejuvenated
R,Responsible
R,Revolutionary
R,Robust
R,Romantic
R,Receptive
R,Refreshing
R,Righteous
R,Remarkable
R,Rigorous
R,Realistic
R,Rewarding
S,Sincere
S,Strong
S,Smart
S,Stylish
S,Successful
S,Supportive
S,Supreme
S,Sustainable
S,Substantial
S,Superior
S,Secure
S,Selective
S,Stellar
S,Spirited
S,Spontaneous
S,Strategic
S,Skillful
S,Steadfast
S,Sympathetic
S,Scrupulous
T,Trustworthy
T,Thankful
T,Talented
T,Thoughtful
T,Tenacious
T,Trailblazing
T,Truthful
T,Transformative
T,Timely
T,Tranquil
T,Tactful
T,Teaching
T,Trendsetting
T,Triumphant
T,Touching
T,Tireless
T,Tasteful
T,Thrifty
T,Transparent
T,Tactile
U,Understanding
U,Upbeat
U,Unyielding
U,Unique
U,Unwavering
U,Useful
U,Upright
U,Ubiquitous
U,Uncommon
U,Undaunted
U,Unbeatable
U,Upstanding
U,Unparalleled
U,Unflappable
U,Unbiased
U,Up-to-date
U,Unpretentious
U,Unstoppable
U,Unsurpassed
U,Unassuming
V,Valiant
V,Vibrant
V,Virtuous
V,Valuable
V,Visionary
V,Vigilant
V,Valid
V,Venerable
V,Versed
V,Vigorous
V,Veritable
V,Venerable
V,Volunteering
V,Veracious
V,Vast
V,Valorous
V,Viable
V,Victorious
V,Vocal
V,Vivacious
W,Wise
W,Witty
W,Warm
W,Well-spoken
W,Worldly
W,Winning
W,Wholesome
W,Willful
W,Well-read
W,Watchful
W,Wonderful
W,Workable
W,Well-rounded
W,Welcoming
W,Willing
W,Wealthy
W,Wholehearted
W,Winsome
W,Wild
W,Warranted
X,Xenodochial
X,Xenial
X,X-factor
X,Xenagogue
X,Xerophyte
X,Xesturgy
X,Xenogenic
X,Xerophilous
X,Xylotomous
X,Xenodochial
X,Xenial
X,Xenodochial
X,Xenial
X,Xenodochial
X,Xenial
X,Xenodochial
X,Xenial
X,Xenodochial
X,Xenial
X,Xenodochial
Y,Youthful
Y,Yielding
Y,Yearning
Y,Yes-man
Y,Yare
Y,Yern
Y,Yieldable
Y,Yclept
Y,Yerning
Y,Yoke-fellow
Y,Yugen
Y,Yare
Y,Yieldable
Y,Yoke-fellow
Y,Yugen
Y,Yare
Y,Yieldable
Y,Yoke-fellow
Y,Yugen
Y,Yare
Z,Zealous
Z,Zestful
Z,Zany
Z,Zippy
Z,Zen
Z,Zeal
Z,Zephyr
Z,Zest
Z,Zodiacal
Z,Zonal
Z,Zealed
Z,Zappy
Z,Zaftig
Z,Zingy
Z,Zymotic
Z,Zigzag
Z,Zonal
Z,Zenith
Z,Zest
Z,Zealed