source,target
/name/qunijya,/name/qunijya-2
/name/feguya,/name/feguya-2
/name/letiel,/name/letiel-2
/name/jauneane,/name/jauneane-2
/name/modelion,/name/modelion-2
/name/chesvika,/name/chesvika-2
/name/morounkoya,/name/morounkoya-2
/name/monimu-1,/name/monimu-2
/name/moveena,/name/moveena-2
/name/degresla,/name/degresla-2
/name/manoghna,/name/manoghna-2
/name/aloniya,/name/aloniya-2
/name/dumndra,/name/dumndra-2
/name/bethyl,/name/bethyl-2
/name/nacaidon,/name/nacaidon-2
/name/reyne-1,/name/reyne-2
/name/jerami,/name/jerami-2
/name/ayanna,/name/ayanna-2
/name/korra,/name/korra-2
/name/lale-1,/name/lale-2
/name/ophelie-1,/name/ophelie-2
/name/amateya,/name/amateya-2
/name/roree,/name/roree-2
/name/ariyana,/name/ariyana-2
/name/dae,/name/dae-2
/name/korvin,/name/korvin-2
/name/geijiah,/name/geijiah-2
/name/niyanthra,/name/niyanthra-2
/name/gowno,/name/gowno-2
/name/derreon,/name/derreon-2
/name/jacodi,/name/jacodi-2
/name/yasmim,/name/yasmim-2
/name/hopediah,/name/hopediah-2
/name/itzayana,/name/itzayana-2
/name/tanielle,/name/tanielle-2
/name/garrus,/name/garrus-2
/name/cambria,/name/cambria-2
/name/ashaad,/name/ashaad-2
/name/rechy,/name/rechy-2
/name/christyan,/name/christyan-2
/name/amyiah,/name/amyiah-2
/name/dorrien,/name/dorrien-2
/name/keevera,/name/keevera-2
/name/matina,/name/matina-2
/name/livanna,/name/livanna-2
/name/arjielyn,/name/arjielyn-2
/name/haneen,/name/haneen-2
/name/vinaya,/name/vinaya-2
/name/chalon,/name/chalon-2
/name/dasia,/name/dasia-2
/name/tamari,/name/tamari-2
/name/aarionna,/name/aarionna-2
/name/selma,/name/selma-2
/name/mirjana,/name/mirjana-2
/name/purvabhadra,/name/purvabhadra-2
/name/nubaid,/name/nubaid-2
/name/khorala,/name/khorala-2
/name/ladi,/name/ladi-2
/name/ivie,/name/ivie-2
/name/schurnier,/name/schurnier-2
/name/ghehara,/name/ghehara-2
/name/namasaya,/name/namasaya-2
/name/adianey,/name/adianey-2
/name/deidra,/name/deidra-2
/name/nerynen,/name/nerynen-2
/name/kyrra,/name/kyrra-2
/name/anushka,/name/anushka-2
/name/pavityhra,/name/pavityhra-2
/name/adnan,/name/adnan-2
/name/ansar,/name/ansar-2
/name/miral,/name/miral-2
/name/risa,/name/risa-3
/name/kenai,/name/kenai-2
/name/jakeria,/name/jakeria-2
/name/nawaz,/name/nawaz-2
/name/alaikya,/name/alaikya-2
/name/arevina,/name/arevina-2
/name/ignac,/name/ignac-2
/name/caydyn,/name/caydyn-2
/name/amaro,/name/amaro-2
/name/yacoub,/name/yacoub-2
/name/isizara,/name/isizara-2
/name/quardson,/name/quardson-2
/name/raazbeer,/name/raazbeer-2
/name/shariyah,/name/shariyah-2
/name/eneko,/name/eneko-2
/name/grecia,/name/grecia-2
/name/caitilin,/name/caitilin-2
/name/titiana,/name/titiana-2
/name/shienalyn,/name/shienalyn-2
/name/jasly,/name/jasly-2
/name/jeffri,/name/jeffri-2
/name/isham,/name/isham-2
/name/kazooie,/name/kazooie-2
/name/genae,/name/genae-2
/name/mana-1,/name/mana-5
/name/dadrianna,/name/dadrianna-2
/name/lyneareya,/name/lyneareya-2
/name/avalene,/name/avalene-2
/name/ajahla,/name/ajahla-2
/name/abbygale,/name/abbygale-2
/name/ainhara,/name/ainhara-2
/name/enok,/name/enok-3
/name/eizabella,/name/eizabella-2
/name/amarante,/name/amarante-2